Turin,6.6928184,45.1288835,1
Turin,6.8729986,44.9487033,10
Turin,6.8729986,45.0838385,5
Cuneo,7.0531788,44.4081628,10
Cuneo,7.0531788,44.588343,10
Turin,7.0802058,44.7685232,7
Turin,7.0531788,44.9487033,10
Turin,7.0621878,45.1198745,9
Aosta,7.0531788,45.6694241,10
Aosta,7.0531788,45.8225772,7
Cuneo,7.2333589,44.2550096,7
Cuneo,7.2333589,44.4081628,10
Cuneo,7.2333589,44.588343,10
Turin,7.2333589,44.7685232,10
Turin,7.2333589,44.9487033,10
Turin,7.2333589,45.1288835,10
Turin,7.2333589,45.3090637,10
Aosta,7.2333589,45.4892439,10
Aosta,7.2333589,45.6694241,10
Aosta,7.2333589,45.8225772,7
Cuneo,7.4135391,44.2279826,10
Cuneo,7.4135391,44.4081628,10
Cuneo,7.4135391,44.588343,10
Turin,7.4135391,44.7685232,10
Turin,7.4135391,44.9487033,10
Turin,7.4135391,45.1288835,10
Turin,7.4135391,45.3090637,10
Turin,7.4135391,45.4892439,10
Aosta,7.4135391,45.6694241,10
Aosta,7.4315571,45.8315862,8
Imperia,7.5937193,43.8676223,8
Cuneo,7.5937193,44.2460006,8
Cuneo,7.5937193,44.4081628,10
Cuneo,7.5937193,44.588343,10
Cuneo,7.5937193,44.7685232,10
Turin,7.5937193,44.9487033,10
Turin,7.5937193,45.1288835,10
Turin,7.5937193,45.3090637,10
Turin,7.5937193,45.4892439,10
Aosta,7.5937193,45.6694241,10
Aosta,7.5937193,45.8496042,10
Imperia,7.7738995,43.8946493,7
Imperia,7.7829085,44.0478024,9
Cuneo,7.7738995,44.2279826,10
Cuneo,7.7738995,44.4081628,10
Cuneo,7.7738995,44.588343,10
Cuneo,7.7738995,44.7685232,10
Turin,7.7738995,44.9487033,10
Turin,7.7738995,45.1288835,10
Turin,7.7738995,45.3090637,10
Turin,7.7738995,45.4892439,10
Aosta,7.7738995,45.6694241,10
Aosta,7.7738995,45.8315862,8
Imperia,7.9540797,43.9126673,5
Imperia,7.9540797,44.0478024,10
Cuneo,7.9540797,44.2279826,10
Cuneo,7.9540797,44.4081628,10
Cuneo,7.9540797,44.588343,10
Cuneo,7.9540797,44.7685232,10
Asti,7.9540797,44.9487033,10
Turin,7.9540797,45.1288835,10
Turin,7.9540797,45.3090637,10
Biella,7.9540797,45.4892439,10
Biella,7.9540797,45.6694241,10
Vercelli,7.9540797,45.8496042,10
Savona,8.1162418,44.0658205,8
Savona,8.1342598,44.2279826,10
Cuneo,8.1342598,44.4081628,10
Cuneo,8.1342598,44.588343,10
Asti,8.1342598,44.7685232,10
Asti,8.1342598,44.9487033,10
Alessandria,8.1342598,45.1288835,10
Vercelli,8.1342598,45.3090637,10
Biella,8.1342598,45.4892439,10
Biella,8.1342598,45.6694241,10
Vercelli,8.1342598,45.8496042,10
Verbano-Cusio-Ossola,8.1342598,46.0297844,10
Verbano-Cusio-Ossola,8.1793049,46.2099646,5
Savona,8.296422,44.2460006,8
Savona,8.31444,44.4081628,10
Asti,8.31444,44.588343,10
Asti,8.31444,44.7685232,10
Asti,8.31444,44.9487033,10
Alessandria,8.31444,45.1288835,10
Vercelli,8.31444,45.3090637,10
Vercelli,8.31444,45.4892439,10
Vercelli,8.31444,45.6694241,10
Vercelli,8.31444,45.8496042,10
Verbano-Cusio-Ossola,8.31444,46.0297844,10
Verbano-Cusio-Ossola,8.31444,46.2099646,10
Verbano-Cusio-Ossola,8.31444,46.3901448,1
Savona,8.4856112,44.4171718,9
Alessandria,8.4946202,44.588343,10
Asti,8.4946202,44.7685232,10
Alessandria,8.4946202,44.9487033,10
Alessandria,8.4946202,45.1288835,10
Vercelli,8.4946202,45.3090637,10
Novara,8.4946202,45.4892439,10
Novara,8.4946202,45.6694241,10
Verbano-Cusio-Ossola,8.4946202,45.8496042,10
Verbano-Cusio-Ossola,8.4946202,46.0297844,10
Liguria,8.6748004,44.4081628,1
Alessandria,8.6748004,44.588343,10
Alessandria,8.6748004,44.7685232,10
Alessandria,8.6748004,44.9487033,10
Pavia,8.6748004,45.1288835,10
Novara,8.6748004,45.3090637,10
Novara,8.6748004,45.4892439,10
Novara,8.6748004,45.6694241,10
Varese,8.6748004,45.8496042,10
Verbano-Cusio-Ossola,8.6567824,46.0117664,8
Alessandria,8.8549806,44.588343,10
Alessandria,8.8549806,44.7685232,10
Alessandria,8.8549806,44.9487033,10
Pavia,8.8549806,45.1288835,10
Pavia,8.8549806,45.3090637,10
Milan,8.8549806,45.4892439,10
Varese,8.8549806,45.6694241,10
Varese,8.8279535,45.8496042,7
Liguria,9.0351607,44.4441988,6
Liguria,9.0351607,44.588343,10
Alessandria,9.0351607,44.7685232,10
Pavia,9.0351607,44.9487033,10
Pavia,9.0351607,45.1288835,10
Milan,9.0351607,45.3090637,10
Milan,9.0351607,45.4892439,10
Como,9.0351607,45.6694241,10
Como,9.0351607,46.0297844,2
Liguria,9.2153409,44.4261808,8
Liguria,9.2153409,44.588343,10
Pavia,9.2153409,44.7685232,10
Pavia,9.2153409,44.9487033,10
Pavia,9.2153409,45.1288835,10
Pavia,9.2153409,45.3090637,10
Milan,9.2153409,45.4892439,10
Monza and Brianza,9.2153409,45.6694241,10
Como,9.2153409,45.8496042,10
Como,9.2153409,46.0297844,10
Como,9.2153409,46.2099646,1
Liguria,9.3955211,44.4081628,10
Liguria,9.3955211,44.588343,10
Piacenza,9.3955211,44.7685232,10
Piacenza,9.3955211,44.9487033,10
Pavia,9.3955211,45.1288835,10
Lodi,9.3955211,45.3090637,10
Milan,9.3955211,45.4892439,10
Monza and Brianza,9.3955211,45.6694241,10
Lecco,9.3955211,45.8496042,10
Lecco,9.3955211,46.0297844,10
Como,9.3955211,46.2099646,10
Sondrio,9.3955211,46.3901448,5
La Spezia,9.5757013,44.2640187,6
La Spezia,9.5757013,44.4081628,10
Parma,9.5757013,44.588343,10
Piacenza,9.5757013,44.7685232,10
Piacenza,9.5757013,44.9487033,10
Lodi,9.5757013,45.1288835,10
Lodi,9.5757013,45.3090637,10
Bergamo,9.5757013,45.4892439,10
Bergamo,9.5757013,45.6694241,10
Bergamo,9.5757013,45.8496042,10
Sondrio,9.5757013,46.0297844,10
Sondrio,9.5666923,46.2009556,9
La Spezia,9.7558815,44.2279826,10
Parma,9.7558815,44.4081628,10
Parma,9.7558815,44.588343,10
Piacenza,9.7558815,44.7685232,10
Piacenza,9.7558815,44.9487033,10
Lodi,9.7558815,45.1288835,10
Cremona,9.7558815,45.3090637,10
Bergamo,9.7558815,45.4892439,10
Bergamo,9.7558815,45.6694241,10
Bergamo,9.7558815,45.8496042,10
Bergamo,9.7558815,46.0297844,10
Sondrio,9.7558815,46.2099646,10
Massa-Carrara,9.9360616,44.2279826,10
Massa-Carrara,9.9360616,44.4081628,10
Parma,9.9360616,44.588343,10
Parma,9.9360616,44.7685232,10
Piacenza,9.9360616,44.9487033,10
Cremona,9.9360616,45.1288835,10
Cremona,9.9360616,45.3090637,10
Brescia,9.9360616,45.4892439,10
Bergamo,9.9360616,45.6694241,10
Bergamo,9.9360616,45.8496042,10
Bergamo,9.9360616,46.0297844,10
Sondrio,9.9360616,46.2099646,10
Livorno,10.1162418,42.7865412,1
Massa-Carrara,10.1432689,44.0748295,7
Massa-Carrara,10.1162418,44.2279826,10
Parma,10.1162418,44.4081628,10
Parma,10.1162418,44.588343,10
Parma,10.1162418,44.7685232,10
Parma,10.1162418,44.9487033,10
Cremona,10.1162418,45.1288835,10
Brescia,10.1162418,45.3090637,10
Brescia,10.1162418,45.4892439,10
Brescia,10.1162418,45.6694241,10
Bergamo,10.1162418,45.8496042,10
Bergamo,10.1162418,46.0297844,10
Sondrio,10.1162418,46.1739286,6
Sondrio,10.1162418,46.570325,4
Livorno,10.296422,42.7865412,3
Pisa,10.3414671,43.6874421,5
Lucca,10.31444,43.8856403,8
Lucca,10.296422,44.0478024,10
Lucca,10.296422,44.2279826,10
Reggio Emilia,10.296422,44.4081628,10
Parma,10.296422,44.588343,10
Parma,10.296422,44.7685232,10
Parma,10.296422,44.9487033,10
Cremona,10.296422,45.1288835,10
Brescia,10.296422,45.3090637,10
Brescia,10.296422,45.4892439,10
Brescia,10.296422,45.6694241,10
Brescia,10.296422,45.8496042,10
Brescia,10.296422,46.0297844,10
Brescia,10.296422,46.2099646,10
Sondrio,10.296422,46.3901448,10
Livorno,10.4766022,43.5072619,10
Pisa,10.4766022,43.6874421,10
Lucca,10.4766022,43.8676223,10
Lucca,10.4766022,44.0478024,10
Modena,10.4766022,44.2279826,10
Reggio Emilia,10.4766022,44.4081628,10
Reggio Emilia,10.4766022,44.588343,10
Reggio Emilia,10.4766022,44.7685232,10
Cremona,10.4766022,44.9487033,10
Cremona,10.4766022,45.1288835,10
Mantua,10.4766022,45.3090637,10
Brescia,10.4766022,45.4892439,10
Brescia,10.4766022,45.6694241,10
Brescia,10.4766022,45.8496042,10
Brescia,10.4766022,46.0297844,10
Brescia,10.4766022,46.2099646,10
Sondrio,10.4766022,46.3901448,10
Trentino-South Tyrol,10.5216472,46.570325,5
Trentino-South Tyrol,10.5036292,46.7505051,7
Livorno,10.6567824,43.0117664,5
Livorno,10.6567824,43.1469015,10
Pisa,10.6567824,43.3270817,10
Pisa,10.6567824,43.5072619,10
Pisa,10.6567824,43.6874421,10
Lucca,10.6567824,43.8676223,10
Lucca,10.6567824,44.0478024,10
Modena,10.6567824,44.2279826,10
Modena,10.6567824,44.4081628,10
Reggio Emilia,10.6567824,44.588343,10
Reggio Emilia,10.6567824,44.7685232,10
Reggio Emilia,10.6567824,44.9487033,10
Mantua,10.6567824,45.1288835,10
Mantua,10.6567824,45.3090637,10
Verona,10.6567824,45.4892439,10
Brescia,10.6567824,45.6694241,10
Trentino,10.6567824,45.8496042,10
Trentino,10.6567824,46.0297844,10
Trentino,10.6567824,46.2099646,10
Trentino,10.6567824,46.3901448,10
Trentino-South Tyrol,10.6567824,46.570325,10
Trentino-South Tyrol,10.6477734,46.7414961,9
Grosseto,10.8459716,42.9757304,9
Grosseto,10.8369625,43.1469015,10
Pisa,10.8369625,43.3270817,10
Pisa,10.8369625,43.5072619,10
Pisa,10.8369625,43.6874421,10
Pistoia,10.8369625,43.8676223,10
Pistoia,10.8369625,44.0478024,10
Modena,10.8369625,44.2279826,10
Modena,10.8369625,44.4081628,10
Modena,10.8369625,44.588343,10
Modena,10.8369625,44.7685232,10
Mantua,10.8369625,44.9487033,10
Mantua,10.8369625,45.1288835,10
Verona,10.8369625,45.3090637,10
Verona,10.8369625,45.4892439,10
Verona,10.8369625,45.6694241,10
Trentino,10.8369625,45.8496042,10
Trentino,10.8369625,46.0297844,10
Trentino,10.8369625,46.2099646,10
Trentino,10.8369625,46.3901448,10
Trentino-South Tyrol,10.8369625,46.570325,10
Trentino-South Tyrol,10.8369625,46.7144691,6
Grosseto,11.0261517,42.7955502,9
Grosseto,11.0171427,42.9667214,10
Grosseto,11.0171427,43.1469015,10
Siena,11.0171427,43.3270817,10
Siena,11.0171427,43.5072619,10
Florence,11.0171427,43.6874421,10
Prato,11.0171427,43.8676223,10
Pistoia,11.0171427,44.0478024,10
Bologna,11.0171427,44.2279826,10
Modena,11.0171427,44.4081628,10
Modena,11.0171427,44.588343,10
Modena,11.0171427,44.7685232,10
Modena,11.0171427,44.9487033,10
Mantua,11.0171427,45.1288835,10
Verona,11.0171427,45.3090637,10
Verona,11.0171427,45.4892439,10
Verona,11.0171427,45.6694241,10
Trentino,11.0171427,45.8496042,10
Trentino,11.0171427,46.0297844,10
Trentino,11.0171427,46.2099646,10
Trentino,11.0171427,46.3901448,10
Trentino-South Tyrol,11.0171427,46.570325,10
Trentino-South Tyrol,11.0171427,46.7144691,6
Grosseto,11.1973229,42.4261808,1
Grosseto,11.2153409,42.624379,8
Grosseto,11.1973229,42.7865412,10
Grosseto,11.1973229,42.9667214,10
Siena,11.1973229,43.1469015,10
Siena,11.1973229,43.3270817,10
Florence,11.1973229,43.5072619,10
Florence,11.1973229,43.6874421,10
Florence,11.1973229,43.8676223,10
Florence,11.1973229,44.0478024,10
Bologna,11.1973229,44.2279826,10
Bologna,11.1973229,44.4081628,10
Bologna,11.1973229,44.588343,10
Bologna,11.1973229,44.7685232,10
Mantua,11.1973229,44.9487033,10
Verona,11.1973229,45.1288835,10
Verona,11.1973229,45.3090637,10
Verona,11.1973229,45.4892439,10
Vicenza,11.1973229,45.6694241,10
Trentino,11.1973229,45.8496042,10
Trentino,11.1973229,46.0297844,10
Trentino,11.1973229,46.2099646,10
Trentino,11.1973229,46.3901448,10
Trentino-South Tyrol,11.1973229,46.570325,10
Trentino-South Tyrol,11.1973229,46.7505051,10
Trentino-South Tyrol,11.1973229,46.9036583,7
Grosseto,11.3775031,42.4622169,6
Grosseto,11.3775031,42.606361,10
Grosseto,11.3775031,42.7865412,10
Grosseto,11.3775031,42.9667214,10
Siena,11.3775031,43.1469015,10
Siena,11.3775031,43.3270817,10
Siena,11.3775031,43.5072619,10
Florence,11.3775031,43.6874421,10
Florence,11.3775031,43.8676223,10
Florence,11.3775031,44.0478024,10
Bologna,11.3775031,44.2279826,10
Bologna,11.3775031,44.4081628,10
Bologna,11.3775031,44.588343,10
Bologna,11.3775031,44.7685232,10
Ferrara,11.3775031,44.9487033,10
Verona,11.3775031,45.1288835,10
Verona,11.3775031,45.3090637,10
Vicenza,11.3775031,45.4892439,10
Vicenza,11.3775031,45.6694241,10
Vicenza,11.3775031,45.8496042,10
Trentino,11.3775031,46.0297844,10
Trentino,11.3775031,46.2099646,10
Trentino-South Tyrol,11.3775031,46.3901448,10
Trentino-South Tyrol,11.3775031,46.570325,10
Trentino-South Tyrol,11.3775031,46.7505051,10
Trentino-South Tyrol,11.3775031,46.9036583,7
Viterbo,11.5666923,42.4351898,9
Grosseto,11.5576833,42.606361,10
Grosseto,11.5576833,42.7865412,10
Grosseto,11.5576833,42.9667214,10
Siena,11.5576833,43.1469015,10
Siena,11.5576833,43.3270817,10
Arezzo,11.5576833,43.5072619,10
Florence,11.5576833,43.6874421,10
Florence,11.5576833,43.8676223,10
Florence,11.5576833,44.0478024,10
Bologna,11.5576833,44.2279826,10
Bologna,11.5576833,44.4081628,10
Bologna,11.5576833,44.588343,10
Ferrara,11.5576833,44.7685232,10
Rovigo,11.5576833,44.9487033,10
Rovigo,11.5576833,45.1288835,10
Vicenza,11.5576833,45.3090637,10
Vicenza,11.5576833,45.4892439,10
Vicenza,11.5576833,45.6694241,10
Vicenza,11.5576833,45.8496042,10
Trentino,11.5576833,46.0297844,10
Trentino,11.5576833,46.2099646,10
Trentino-South Tyrol,11.5576833,46.3901448,10
Trentino-South Tyrol,11.5576833,46.570325,10
Trentino-South Tyrol,11.5576833,46.7505051,10
Trentino-South Tyrol,11.5576833,46.9126673,8
Viterbo,11.7648905,42.2730277,7
Viterbo,11.7378634,42.4261808,10
Viterbo,11.7378634,42.606361,10
Grosseto,11.7378634,42.7865412,10
Siena,11.7378634,42.9667214,10
Siena,11.7378634,43.1469015,10
Arezzo,11.7378634,43.3270817,10
Arezzo,11.7378634,43.5072619,10
Arezzo,11.7378634,43.6874421,10
Forlì-Cesena,11.7378634,43.8676223,10
Forlì-Cesena,11.7378634,44.0478024,10
Ravenna,11.7378634,44.2279826,10
Bologna,11.7378634,44.4081628,10
Bologna,11.7378634,44.588343,10
Ferrara,11.7378634,44.7685232,10
Rovigo,11.7378634,44.9487033,10
Padua,11.7378634,45.1288835,10
Padua,11.7378634,45.3090637,10
Vicenza,11.7378634,45.4892439,10
Padua,11.7378634,45.6694241,10
Vicenza,11.7378634,45.8496042,10
Belluno,11.7378634,46.0297844,10
Trentino,11.7378634,46.2099646,10
Trentino,11.7378634,46.3901448,10
Trentino-South Tyrol,11.7378634,46.570325,10
Trentino-South Tyrol,11.7378634,46.7505051,10
Trentino-South Tyrol,11.7378634,46.9036583,7
Rome,11.9180436,42.1018565,6
Viterbo,11.9180436,42.2460006,10
Viterbo,11.9180436,42.4261808,10
Viterbo,11.9180436,42.606361,10
Viterbo,11.9180436,42.7865412,10
Siena,11.9180436,42.9667214,10
Siena,11.9180436,43.1469015,10
Arezzo,11.9180436,43.3270817,10
Arezzo,11.9180436,43.5072619,10
Arezzo,11.9180436,43.6874421,10
Forlì-Cesena,11.9180436,43.8676223,10
Forlì-Cesena,11.9180436,44.0478024,10
Ravenna,11.9180436,44.2279826,10
Ravenna,11.9180436,44.4081628,10
Ferrara,11.9180436,44.588343,10
Ferrara,11.9180436,44.7685232,10
Ferrara,11.9180436,44.9487033,10
Rovigo,11.9180436,45.1288835,10
Padua,11.9180436,45.3090637,10
Padua,11.9180436,45.4892439,10
Treviso,11.9180436,45.6694241,10
Treviso,11.9180436,45.8496042,10
Belluno,11.9180436,46.0297844,10
Trentino,11.9180436,46.2099646,10
Belluno,11.9180436,46.3901448,10
Trentino-South Tyrol,11.9180436,46.570325,10
Trentino-South Tyrol,11.9180436,46.7505051,10
Trentino-South Tyrol,11.9180436,46.9306853,10
Rome,12.0982238,42.0658205,10
Viterbo,12.0982238,42.2460006,10
Viterbo,12.0982238,42.4261808,10
Viterbo,12.0982238,42.606361,10
Terni,12.0982238,42.7865412,10
Perugia,12.0982238,42.9667214,10
Perugia,12.0982238,43.1469015,10
Arezzo,12.0982238,43.3270817,10
Arezzo,12.0982238,43.5072619,10
Arezzo,12.0982238,43.6874421,10
Forlì-Cesena,12.0982238,43.8676223,10
Forlì-Cesena,12.0982238,44.0478024,10
Forlì-Cesena,12.0982238,44.2279826,10
Ravenna,12.0982238,44.4081628,10
Ferrara,12.0982238,44.588343,10
Ferrara,12.0982238,44.7685232,10
Ferrara,12.0982238,44.9487033,10
Venice,12.0982238,45.1288835,10
Venice,12.0802058,45.3270817,8
Venice,12.0982238,45.4892439,10
Treviso,12.0982238,45.6694241,10
Treviso,12.0982238,45.8496042,10
Belluno,12.0982238,46.0297844,10
Belluno,12.0982238,46.2099646,10
Belluno,12.0982238,46.3901448,10
Belluno,12.0982238,46.570325,10
Trentino-South Tyrol,12.0982238,46.7505051,10
Trentino-South Tyrol,12.0621878,46.9306853,6
Rome,12.278404,41.8856403,10
Rome,12.278404,42.0658205,10
Viterbo,12.278404,42.2460006,10
Viterbo,12.278404,42.4261808,10
Terni,12.278404,42.606361,10
Terni,12.278404,42.7865412,10
Perugia,12.278404,42.9667214,10
Perugia,12.278404,43.1469015,10
Perugia,12.278404,43.3270817,10
Perugia,12.278404,43.5072619,10
Pesaro and Urbino,12.278404,43.6874421,10
Rimini,12.278404,43.8676223,10
Forlì-Cesena,12.278404,44.0478024,10
Forlì-Cesena,12.278404,44.2279826,10
Ravenna,12.242368,44.4081628,6
Ravenna,12.2333589,44.588343,5
Rovigo,12.278404,44.9487033,10
Venice,12.278404,45.1288835,2
Venice,12.278404,45.5342889,5
Treviso,12.278404,45.6694241,10
Treviso,12.278404,45.8496042,10
Treviso,12.278404,46.0297844,10
Belluno,12.278404,46.2099646,10
Belluno,12.278404,46.3901448,10
Belluno,12.278404,46.570325,10
Trentino-South Tyrol,12.278404,46.7144691,6
Rome,12.4766022,41.7234781,8
Rome,12.4946202,41.8496042,6
Rome,12.4585842,42.0658205,10
Viterbo,12.4585842,42.2460006,10
Terni,12.4585842,42.4261808,10
Terni,12.4585842,42.606361,10
Perugia,12.4585842,42.7865412,10
Perugia,12.4585842,42.9667214,10
Perugia,12.4585842,43.1469015,10
Perugia,12.4585842,43.3270817,10
Perugia,12.4585842,43.5072619,10
Pesaro and Urbino,12.4585842,43.6874421,10
Pesaro and Urbino,12.4585842,43.8315862,6
Rimini,12.4585842,44.0478024,7
Rovigo,12.4585842,44.9487033,4
Treviso,12.4585842,45.6694241,10
Treviso,12.4585842,45.8496042,10
Pordenone,12.4585842,46.0297844,10
Pordenone,12.4585842,46.2099646,10
Belluno,12.4585842,46.3901448,10
Belluno,12.4585842,46.570325,10
Latina,12.6387643,41.5523069,7
Rome,12.6387643,41.7054601,10
Rome,12.6387643,41.8856403,10
Rome,12.6387643,42.0658205,10
Rieti,12.6387643,42.2460006,10
Rieti,12.6387643,42.4261808,10
Terni,12.6387643,42.606361,10
Perugia,12.6387643,42.7865412,10
Perugia,12.6387643,42.9667214,10
Perugia,12.6387643,43.1469015,10
Perugia,12.6387643,43.3270817,10
Pesaro and Urbino,12.6387643,43.5072619,10
Pesaro and Urbino,12.6387643,43.6874421,10
Rimini,12.6387643,43.8676223,10
Venice,12.6387643,45.6694241,10
Pordenone,12.6387643,45.8496042,10
Pordenone,12.6387643,46.0297844,10
Pordenone,12.6387643,46.2099646,10
Udine,12.6387643,46.3901448,10
Belluno,12.6387643,46.561316,9
Latina,12.8189445,41.5252799,10
Rome,12.8189445,41.7054601,10
Rome,12.8189445,41.8856403,10
Rome,12.8189445,42.0658205,10
Rieti,12.8189445,42.2460006,10
Rieti,12.8189445,42.4261808,10
Terni,12.8189445,42.606361,10
Perugia,12.8189445,42.7865412,10
Perugia,12.8189445,42.9667214,10
Perugia,12.8189445,43.1469015,10
Ancona,12.8189445,43.3270817,10
Pesaro and Urbino,12.8189445,43.5072619,10
Pesaro and Urbino,12.8189445,43.6874421,10
Pesaro and Urbino,12.8099355,43.8586133,9
Venice,12.8099355,45.6784331,9
Pordenone,12.8189445,45.8496042,10
Pordenone,12.8189445,46.0297844,10
Pordenone,12.8189445,46.2099646,10
Udine,12.8189445,46.3901448,10
Udine,12.8189445,46.5432979,7
Latina,13.0351607,41.3811358,6
Latina,12.9991247,41.5252799,10
Rome,12.9991247,41.7054601,10
Rome,12.9991247,41.8856403,10
Rome,12.9991247,42.0658205,10
Rieti,12.9991247,42.2460006,10
Rieti,12.9991247,42.4261808,10
Rieti,12.9991247,42.606361,10
Perugia,12.9991247,42.7865412,10
Macerata,12.9991247,42.9667214,10
Macerata,12.9991247,43.1469015,10
Ancona,12.9991247,43.3270817,10
Ancona,12.9991247,43.5072619,10
Pesaro and Urbino,12.9991247,43.6874421,10
Venice,12.9991247,45.6694241,3
Udine,12.9991247,45.8496042,10
Udine,12.9991247,46.0297844,10
Udine,12.9991247,46.2099646,10
Udine,12.9991247,46.3901448,10
Udine,12.9991247,46.5342889,6
Latina,13.1612869,41.3631178,8
Latina,13.1793049,41.5252799,10
Frosinone,13.1793049,41.7054601,10
Rome,13.1793049,41.8856403,10
L'Aquila,13.1793049,42.0658205,10
Rieti,13.1793049,42.2460006,10
L'Aquila,13.1793049,42.4261808,10
Rieti,13.1793049,42.606361,10
Perugia,13.1793049,42.7865412,10
Macerata,13.1793049,42.9667214,10
Macerata,13.1793049,43.1469015,10
Macerata,13.1793049,43.3270817,10
Ancona,13.1793049,43.5072619,10
Ancona,13.1612869,43.6694241,8
Udine,13.1793049,45.8586133,9
Udine,13.1793049,46.0297844,10
Udine,13.1793049,46.2099646,10
Udine,13.1793049,46.3901448,10
Latina,13.3594851,41.3631178,8
Frosinone,13.3594851,41.5252799,10
Frosinone,13.3594851,41.7054601,10
Frosinone,13.3594851,41.8856403,10
L'Aquila,13.3594851,42.0658205,10
L'Aquila,13.3594851,42.2460006,10
L'Aquila,13.3594851,42.4261808,10
Rieti,13.3594851,42.606361,10
Ascoli Piceno,13.3594851,42.7865412,10
Fermo,13.3594851,42.9667214,10
Macerata,13.3594851,43.1469015,10
Macerata,13.3594851,43.3270817,10
Ancona,13.3594851,43.5072619,10
Udine,13.3594851,45.8496042,10
Udine,13.3594851,46.0297844,10
Udine,13.332458,46.1829376,7
Udine,13.3504761,46.3901448,9
Latina,13.5396652,41.3450997,10
Frosinone,13.5396652,41.5252799,10
Frosinone,13.5396652,41.7054601,10
L'Aquila,13.5396652,41.8856403,10
L'Aquila,13.5396652,42.0658205,10
L'Aquila,13.5396652,42.2460006,10
L'Aquila,13.5396652,42.4261808,10
Teramo,13.5396652,42.606361,10
Teramo,13.5396652,42.7865412,10
Ascoli Piceno,13.5396652,42.9667214,10
Fermo,13.5396652,43.1469015,10
Macerata,13.5396652,43.3270817,10
Ancona,13.5306562,43.4982529,9
Gorizia,13.5396652,45.8496042,3
Frosinone,13.7288544,41.3541087,9
Frosinone,13.7198454,41.5252799,10
Frosinone,13.7198454,41.7054601,10
L'Aquila,13.7198454,41.8856403,10
L'Aquila,13.7198454,42.0658205,10
L'Aquila,13.7198454,42.2460006,10
L'Aquila,13.7198454,42.4261808,10
Teramo,13.7198454,42.606361,10
Teramo,13.7198454,42.7865412,10
Ascoli Piceno,13.7198454,42.9667214,10
Fermo,13.7108364,43.1378925,9
Caserta,13.9180436,41.1829376,8
Caserta,13.9000256,41.3450997,10
Frosinone,13.9000256,41.5252799,10
Frosinone,13.9000256,41.7054601,10
L'Aquila,13.9000256,41.8856403,10
L'Aquila,13.9000256,42.0658205,10
Pescara,13.9000256,42.2460006,10
Pescara,13.9000256,42.4261808,10
Teramo,13.9000256,42.606361,10
Teramo,13.8729986,42.7865412,7
Caserta,14.0892148,40.9937484,9
Caserta,14.0802058,41.1649196,10
Caserta,14.0802058,41.3450997,10
Isernia,14.0802058,41.5252799,10
Isernia,14.0802058,41.7054601,10
L'Aquila,14.0802058,41.8856403,10
L'Aquila,14.0802058,42.0658205,10
Pescara,14.0802058,42.2460006,10
Pescara,14.0802058,42.4261808,10
Caserta,14.260386,40.9847394,10
Caserta,14.260386,41.1649196,10
Caserta,14.260386,41.3450997,10
Isernia,14.260386,41.5252799,10
Isernia,14.260386,41.7054601,10
Isernia,14.260386,41.8856403,10
Chieti,14.260386,42.0658205,10
Chieti,14.260386,42.2460006,10
Chieti,14.260386,42.3811358,5
Naples,14.4675932,40.8315862,7
Naples,14.4405661,40.9847394,10
Caserta,14.4405661,41.1649196,10
Caserta,14.4405661,41.3450997,10
Isernia,14.4405661,41.5252799,10
Isernia,14.4405661,41.7054601,10
Chieti,14.4405661,41.8856403,10
Chieti,14.4405661,42.0658205,10
Chieti,14.4225481,42.2279826,8
Salerno,14.6207463,40.8045592,10
Avellino,14.6207463,40.9847394,10
Benevento,14.6207463,41.1649196,10
Benevento,14.6207463,41.3450997,10
Campobasso,14.6207463,41.5252799,10
Campobasso,14.6207463,41.7054601,10
Campobasso,14.6207463,41.8856403,10
Chieti,14.6207463,42.0658205,10
Avellino,14.8009265,40.8045592,10
Avellino,14.8009265,40.9847394,10
Benevento,14.8009265,41.1649196,10
Benevento,14.8009265,41.3450997,10
Campobasso,14.8009265,41.5252799,10
Campobasso,14.8009265,41.7054601,10
Campobasso,14.8009265,41.8856403,10
Salerno,14.9811067,40.2640187,4
Salerno,14.9811067,40.4441988,1
Salerno,14.9811067,40.624379,10
Avellino,14.9811067,40.8045592,10
Avellino,14.9811067,40.9847394,10
Avellino,14.9811067,41.1649196,10
Benevento,14.9811067,41.3450997,10
Foggia,14.9811067,41.5252799,10
Campobasso,14.9811067,41.7054601,10
Campobasso,14.9811067,41.8856403,10
Salerno,15.1612869,40.2640187,10
Salerno,15.1612869,40.4441988,10
Salerno,15.1612869,40.624379,10
Avellino,15.1612869,40.8045592,10
Avellino,15.1612869,40.9847394,10
Avellino,15.1612869,41.1649196,10
Foggia,15.1612869,41.3450997,10
Foggia,15.1612869,41.5252799,10
Foggia,15.1612869,41.7054601,10
Foggia,15.1612869,41.8586133,7
Salerno,15.3414671,40.1018565,8
Salerno,15.3414671,40.2640187,10
Salerno,15.3414671,40.4441988,10
Salerno,15.3414671,40.624379,10
Salerno,15.3414671,40.8045592,10
Avellino,15.3414671,40.9847394,10
Foggia,15.3414671,41.1649196,10
Foggia,15.3414671,41.3450997,10
Foggia,15.3414671,41.5252799,10
Foggia,15.3414671,41.7054601,10
Foggia,15.3414671,41.8496042,6
Salerno,15.5216472,40.1288835,5
Salerno,15.5216472,40.2640187,10
Salerno,15.5216472,40.4441988,10
Potenza,15.5216472,40.624379,10
Potenza,15.5216472,40.8045592,10
Avellino,15.5216472,40.9847394,10
Foggia,15.5216472,41.1649196,10
Foggia,15.5216472,41.3450997,10
Foggia,15.5216472,41.5252799,10
Foggia,15.5216472,41.7054601,10
Foggia,15.5216472,41.8496042,6
Reggio Calabria,15.7018274,38.1018565,7
Potenza,15.7198454,40.1018565,8
Salerno,15.7018274,40.2640187,10
Potenza,15.7018274,40.4441988,10
Potenza,15.7018274,40.624379,10
Potenza,15.7018274,40.8045592,10
Potenza,15.7018274,40.9847394,10
Foggia,15.7018274,41.1649196,10
Foggia,15.7018274,41.3450997,10
Foggia,15.7018274,41.5252799,10
Foggia,15.7018274,41.7054601,10
Foggia,15.7018274,41.8586133,7
Reggio Calabria,15.8820076,38.1018565,10
Reggio Calabria,15.8910166,38.2730277,9
Vibo Valentia,15.8820076,38.642397,3
Cosenza,15.8910166,39.7324871,9
Cosenza,15.8820076,39.9036583,10
Potenza,15.8820076,40.0838385,10
Potenza,15.8820076,40.2640187,10
Potenza,15.8820076,40.4441988,10
Potenza,15.8820076,40.624379,10
Potenza,15.8820076,40.8045592,10
Potenza,15.8820076,40.9847394,10
Foggia,15.8820076,41.1649196,10
Foggia,15.8820076,41.3450997,10
Foggia,15.8369625,41.5252799,5
Foggia,15.8729986,41.7144691,9
Foggia,15.8820076,41.8586133,7
Reggio Calabria,16.0531788,38.1108655,9
Reggio Calabria,16.0621878,38.2820367,10
Reggio Calabria,16.0621878,38.4622169,10
Vibo Valentia,16.0621878,38.633388,9
Cosenza,16.0982238,39.3631178,6
Cosenza,16.0621878,39.5432979,10
Cosenza,16.0621878,39.7234781,10
Cosenza,16.0621878,39.9036583,10
Potenza,16.0621878,40.0838385,10
Potenza,16.0621878,40.2640187,10
Potenza,16.0621878,40.4441988,10
Matera,16.0621878,40.624379,10
Potenza,16.0621878,40.8045592,10
Barletta-Andria-Trani,16.0621878,40.9847394,10
Barletta-Andria-Trani,16.0621878,41.1649196,10
Barletta-Andria-Trani,16.0531788,41.3360907,9
Foggia,16.0621878,41.8856403,5
Reggio Calabria,16.2243499,38.3000547,8
Reggio Calabria,16.242368,38.4622169,10
Vibo Valentia,16.242368,38.642397,10
Vibo Valentia,16.278404,38.8225772,6
Catanzaro,16.251377,39.0117664,9
Cosenza,16.242368,39.1829376,10
Cosenza,16.242368,39.3631178,10
Cosenza,16.242368,39.5432979,10
Cosenza,16.242368,39.7234781,10
Cosenza,16.242368,39.9036583,10
Potenza,16.242368,40.0838385,10
Potenza,16.242368,40.2640187,10
Matera,16.242368,40.4441988,10
Matera,16.242368,40.624379,10
Matera,16.242368,40.8045592,10
Barletta-Andria-Trani,16.242368,40.9847394,10
Barletta-Andria-Trani,16.242368,41.1649196,10
Reggio Calabria,16.4225481,38.4622169,10
Catanzaro,16.4225481,38.642397,10
Catanzaro,16.4225481,38.8225772,10
Catanzaro,16.4225481,39.0027574,10
Cosenza,16.4225481,39.1829376,10
Cosenza,16.4225481,39.3631178,10
Cosenza,16.4225481,39.5432979,10
Cosenza,16.4135391,39.7144691,9
Cosenza,16.4225481,39.9036583,10
Cosenza,16.4225481,40.0838385,10
Matera,16.4225481,40.2640187,10
Matera,16.4225481,40.4441988,10
Matera,16.4225481,40.624379,10
Bari,16.4225481,40.8045592,10
Bari,16.4225481,40.9847394,10
Bari,16.4225481,41.1649196,10
Catanzaro,16.6027283,38.8676223,5
Catanzaro,16.6027283,39.0027574,10
Catanzaro,16.6027283,39.1829376,10
Cosenza,16.6027283,39.3631178,10
Cosenza,16.5937193,39.5342889,9
Matera,16.6027283,40.2640187,10
Matera,16.6027283,40.4441988,10
Matera,16.6027283,40.624379,10
Bari,16.6027283,40.8045592,10
Bari,16.6027283,40.9847394,10
Bari,16.6027283,41.1378925,7
Catanzaro,16.7829085,39.0027574,10
Crotone,16.7829085,39.1829376,10
Cosenza,16.7829085,39.3631178,10
Cosenza,16.7829085,39.5162709,7
Matera,16.7829085,40.4441988,10
Taranto,16.7829085,40.624379,10
Bari,16.7829085,40.8045592,10
Bari,16.7829085,40.9847394,10
Crotone,16.9630887,39.0207754,8
Crotone,16.9630887,39.1829376,10
Crotone,16.9630887,39.3631178,10
Taranto,16.9630887,40.624379,10
Bari,16.9630887,40.8045592,10
Bari,16.9630887,40.9847394,10
Crotone,17.1432689,39.0027574,3
Taranto,17.1432689,40.624379,10
Bari,17.1432689,40.8045592,10
Bari,17.1252508,40.9667214,8
Taranto,17.3594851,40.4441988,6
Taranto,17.323449,40.624379,10
Bari,17.323449,40.8045592,10
Taranto,17.5036292,40.4441988,10
Brindisi,17.5036292,40.624379,10
Brindisi,17.5036292,40.7595142,5
Brindisi,17.6838094,40.4441988,10
Brindisi,17.6838094,40.624379,10
Brindisi,17.8639896,40.4441988,10
Brindisi,17.8459716,40.606361,8
Lecce,18.0802058,40.0838385,6
Lecce,18.0441698,40.2640187,10
Lecce,18.0441698,40.4441988,10
Lecce,18.2243499,39.9216763,8
Lecce,18.2243499,40.0838385,10
Lecce,18.2243499,40.2640187,10
Lecce,18.2243499,40.4441988,2
Lecce,18.3865121,40.0838385,8
Lecce,18.3594851,40.2640187,5
